Category,Course,Chapter,Section
CBSE Class 6,Class 6 Science,Food: Where Does It Come From?,Key Concepts and Theory
CBSE Class 6,Class 6 Science,Food: Where Does It Come From?,Quiz
CBSE Class 6,Class 6 Science,Food: Where Does It Come From?,Midterm Exam
CBSE Class 6,Class 6 Science,Food: Where Does It Come From?,Short Notes
CBSE Class 6,Class 6 Science,Food: Where Does It Come From?,Exemplar Problems
CBSE Class 6,Class 6 Science,Food: Where Does It Come From?,Exam Prep
CBSE Class 6,Class 6 Science,Components of Food,Key Concepts and Theory
CBSE Class 6,Class 6 Science,Components of Food,Quiz
CBSE Class 6,Class 6 Science,Components of Food,Midterm Exam
CBSE Class 6,Class 6 Science,Components of Food,Short Notes
CBSE Class 6,Class 6 Science,Components of Food,Exemplar Problems
CBSE Class 6,Class 6 Science,Components of Food,Exam Prep
CBSE Class 6,Class 6 Science,Fibre to Fabric,Key Concepts and Theory
CBSE Class 6,Class 6 Science,Fibre to Fabric,Quiz
CBSE Class 6,Class 6 Science,Fibre to Fabric,Midterm Exam
CBSE Class 6,Class 6 Science,Fibre to Fabric,Short Notes
CBSE Class 6,Class 6 Science,Fibre to Fabric,Exemplar Problems
CBSE Class 6,Class 6 Science,Fibre to Fabric,Exam Prep
CBSE Class 6,Class 6 Science,Sorting Materials into Groups,Key Concepts and Theory
CBSE Class 6,Class 6 Science,Sorting Materials into Groups,Quiz
CBSE Class 6,Class 6 Science,Sorting Materials into Groups,Midterm Exam
CBSE Class 6,Class 6 Science,Sorting Materials into Groups,Short Notes
CBSE Class 6,Class 6 Science,Sorting Materials into Groups,Exemplar Problems
CBSE Class 6,Class 6 Science,Sorting Materials into Groups,Exam Prep
CBSE Class 6,Class 6 Science,Separation of Substances,Key Concepts and Theory
CBSE Class 6,Class 6 Science,Separation of Substances,Quiz
CBSE Class 6,Class 6 Science,Separation of Substances,Midterm Exam
CBSE Class 6,Class 6 Science,Separation of Substances,Short Notes
CBSE Class 6,Class 6 Science,Separation of Substances,Exemplar Problems
CBSE Class 6,Class 6 Science,Separation of Substances,Exam Prep
CBSE Class 6,Class 6 Science,Changes Around Us,Key Concepts and Theory
CBSE Class 6,Class 6 Science,Changes Around Us,Quiz
CBSE Class 6,Class 6 Science,Changes Around Us,Midterm Exam
CBSE Class 6,Class 6 Science,Changes Around Us,Short Notes
CBSE Class 6,Class 6 Science,Changes Around Us,Exemplar Problems
CBSE Class 6,Class 6 Science,Changes Around Us,Exam Prep
CBSE Class 6,Class 6 Science,Getting to Know Plants,Key Concepts and Theory
CBSE Class 6,Class 6 Science,Getting to Know Plants,Quiz
CBSE Class 6,Class 6 Science,Getting to Know Plants,Midterm Exam
CBSE Class 6,Class 6 Science,Getting to Know Plants,Short Notes
CBSE Class 6,Class 6 Science,Getting to Know Plants,Exemplar Problems
CBSE Class 6,Class 6 Science,Getting to Know Plants,Exam Prep
CBSE Class 6,Class 6 Science,Body Movements,Key Concepts and Theory
CBSE Class 6,Class 6 Science,Body Movements,Quiz
CBSE Class 6,Class 6 Science,Body Movements,Midterm Exam
CBSE Class 6,Class 6 Science,Body Movements,Short Notes
CBSE Class 6,Class 6 Science,Body Movements,Exemplar Problems
CBSE Class 6,Class 6 Science,Body Movements,Exam Prep
CBSE Class 6,Class 6 Science,The Living Organisms and Their Surroundings,Key Concepts and Theory
CBSE Class 6,Class 6 Science,The Living Organisms and Their Surroundings,Quiz
CBSE Class 6,Class 6 Science,The Living Organisms and Their Surroundings,Midterm Exam
CBSE Class 6,Class 6 Science,The Living Organisms and Their Surroundings,Short Notes
CBSE Class 6,Class 6 Science,The Living Organisms and Their Surroundings,Exemplar Problems
CBSE Class 6,Class 6 Science,The Living Organisms and Their Surroundings,Exam Prep
CBSE Class 6,Class 6 Science,Motion and Measurement of Distances,Key Concepts and Theory
CBSE Class 6,Class 6 Science,Motion and Measurement of Distances,Quiz
CBSE Class 6,Class 6 Science,Motion and Measurement of Distances,Midterm Exam
CBSE Class 6,Class 6 Science,Motion and Measurement of Distances,Short Notes
CBSE Class 6,Class 6 Science,Motion and Measurement of Distances,Exemplar Problems
CBSE Class 6,Class 6 Science,Motion and Measurement of Distances,Exam Prep
CBSE Class 6,Class 6 Science,"Light, Shadows and Reflections",Key Concepts and Theory
CBSE Class 6,Class 6 Science,"Light, Shadows and Reflections",Quiz
CBSE Class 6,Class 6 Science,"Light, Shadows and Reflections",Midterm Exam
CBSE Class 6,Class 6 Science,"Light, Shadows and Reflections",Short Notes
CBSE Class 6,Class 6 Science,"Light, Shadows and Reflections",Exemplar Problems
CBSE Class 6,Class 6 Science,"Light, Shadows and Reflections",Exam Prep
CBSE Class 6,Class 6 Science,Electricity and Circuits,Key Concepts and Theory
CBSE Class 6,Class 6 Science,Electricity and Circuits,Quiz
CBSE Class 6,Class 6 Science,Electricity and Circuits,Midterm Exam
CBSE Class 6,Class 6 Science,Electricity and Circuits,Short Notes
CBSE Class 6,Class 6 Science,Electricity and Circuits,Exemplar Problems
CBSE Class 6,Class 6 Science,Electricity and Circuits,Exam Prep
CBSE Class 6,Class 6 Science,Fun with Magnets,Key Concepts and Theory
CBSE Class 6,Class 6 Science,Fun with Magnets,Quiz
CBSE Class 6,Class 6 Science,Fun with Magnets,Midterm Exam
CBSE Class 6,Class 6 Science,Fun with Magnets,Short Notes
CBSE Class 6,Class 6 Science,Fun with Magnets,Exemplar Problems
CBSE Class 6,Class 6 Science,Fun with Magnets,Exam Prep
CBSE Class 6,Class 6 Science,Water,Key Concepts and Theory
CBSE Class 6,Class 6 Science,Water,Quiz
CBSE Class 6,Class 6 Science,Water,Midterm Exam
CBSE Class 6,Class 6 Science,Water,Short Notes
CBSE Class 6,Class 6 Science,Water,Exemplar Problems
CBSE Class 6,Class 6 Science,Water,Exam Prep
CBSE Class 6,Class 6 Science,Air Around Us,Key Concepts and Theory
CBSE Class 6,Class 6 Science,Air Around Us,Quiz
CBSE Class 6,Class 6 Science,Air Around Us,Midterm Exam
CBSE Class 6,Class 6 Science,Air Around Us,Short Notes
CBSE Class 6,Class 6 Science,Air Around Us,Exemplar Problems
CBSE Class 6,Class 6 Science,Air Around Us,Exam Prep
CBSE Class 6,Class 6 Science,"Garbage In, Garbage Out",Key Concepts and Theory
CBSE Class 6,Class 6 Science,"Garbage In, Garbage Out",Quiz
CBSE Class 6,Class 6 Science,"Garbage In, Garbage Out",Midterm Exam
CBSE Class 6,Class 6 Science,"Garbage In, Garbage Out",Short Notes
CBSE Class 6,Class 6 Science,"Garbage In, Garbage Out",Exemplar Problems
CBSE Class 6,Class 6 Science,"Garbage In, Garbage Out",Exam Prep
CBSE Class 6,Class 6 Maths,Knowing Our Numbers,Key Concepts and Theory
CBSE Class 6,Class 6 Maths,Knowing Our Numbers,Quiz
CBSE Class 6,Class 6 Maths,Knowing Our Numbers,Midterm Exam
CBSE Class 6,Class 6 Maths,Knowing Our Numbers,Short Notes
CBSE Class 6,Class 6 Maths,Knowing Our Numbers,Exemplar Problems
CBSE Class 6,Class 6 Maths,Knowing Our Numbers,Exam Prep
CBSE Class 6,Class 6 Maths,Whole Numbers,Key Concepts and Theory
CBSE Class 6,Class 6 Maths,Whole Numbers,Quiz
CBSE Class 6,Class 6 Maths,Whole Numbers,Midterm Exam
CBSE Class 6,Class 6 Maths,Whole Numbers,Short Notes
CBSE Class 6,Class 6 Maths,Whole Numbers,Exemplar Problems
CBSE Class 6,Class 6 Maths,Whole Numbers,Exam Prep
CBSE Class 6,Class 6 Maths,Playing with Numbers,Key Concepts and Theory
CBSE Class 6,Class 6 Maths,Playing with Numbers,Quiz
CBSE Class 6,Class 6 Maths,Playing with Numbers,Midterm Exam
CBSE Class 6,Class 6 Maths,Playing with Numbers,Short Notes
CBSE Class 6,Class 6 Maths,Playing with Numbers,Exemplar Problems
CBSE Class 6,Class 6 Maths,Playing with Numbers,Exam Prep
CBSE Class 6,Class 6 Maths,Basic Geometrical Ideas,Key Concepts and Theory
CBSE Class 6,Class 6 Maths,Basic Geometrical Ideas,Quiz
CBSE Class 6,Class 6 Maths,Basic Geometrical Ideas,Midterm Exam
CBSE Class 6,Class 6 Maths,Basic Geometrical Ideas,Short Notes
CBSE Class 6,Class 6 Maths,Basic Geometrical Ideas,Exemplar Problems
CBSE Class 6,Class 6 Maths,Basic Geometrical Ideas,Exam Prep
CBSE Class 6,Class 6 Maths,Understanding Elementary Shapes,Key Concepts and Theory
CBSE Class 6,Class 6 Maths,Understanding Elementary Shapes,Quiz
CBSE Class 6,Class 6 Maths,Understanding Elementary Shapes,Midterm Exam
CBSE Class 6,Class 6 Maths,Understanding Elementary Shapes,Short Notes
CBSE Class 6,Class 6 Maths,Understanding Elementary Shapes,Exemplar Problems
CBSE Class 6,Class 6 Maths,Understanding Elementary Shapes,Exam Prep
CBSE Class 6,Class 6 Maths,Integers,Key Concepts and Theory
CBSE Class 6,Class 6 Maths,Integers,Quiz
CBSE Class 6,Class 6 Maths,Integers,Midterm Exam
CBSE Class 6,Class 6 Maths,Integers,Short Notes
CBSE Class 6,Class 6 Maths,Integers,Exemplar Problems
CBSE Class 6,Class 6 Maths,Integers,Exam Prep
CBSE Class 6,Class 6 Maths,Fractions,Key Concepts and Theory
CBSE Class 6,Class 6 Maths,Fractions,Quiz
CBSE Class 6,Class 6 Maths,Fractions,Midterm Exam
CBSE Class 6,Class 6 Maths,Fractions,Short Notes
CBSE Class 6,Class 6 Maths,Fractions,Exemplar Problems
CBSE Class 6,Class 6 Maths,Fractions,Exam Prep
CBSE Class 6,Class 6 Maths,Decimals,Key Concepts and Theory
CBSE Class 6,Class 6 Maths,Decimals,Quiz
CBSE Class 6,Class 6 Maths,Decimals,Midterm Exam
CBSE Class 6,Class 6 Maths,Decimals,Short Notes
CBSE Class 6,Class 6 Maths,Decimals,Exemplar Problems
CBSE Class 6,Class 6 Maths,Decimals,Exam Prep
CBSE Class 6,Class 6 Maths,Data Handling,Key Concepts and Theory
CBSE Class 6,Class 6 Maths,Data Handling,Quiz
CBSE Class 6,Class 6 Maths,Data Handling,Midterm Exam
CBSE Class 6,Class 6 Maths,Data Handling,Short Notes
CBSE Class 6,Class 6 Maths,Data Handling,Exemplar Problems
CBSE Class 6,Class 6 Maths,Data Handling,Exam Prep
CBSE Class 6,Class 6 Maths,Mensuration,Key Concepts and Theory
CBSE Class 6,Class 6 Maths,Mensuration,Quiz
CBSE Class 6,Class 6 Maths,Mensuration,Midterm Exam
CBSE Class 6,Class 6 Maths,Mensuration,Short Notes
CBSE Class 6,Class 6 Maths,Mensuration,Exemplar Problems
CBSE Class 6,Class 6 Maths,Mensuration,Exam Prep
CBSE Class 6,Class 6 Maths,Algebra,Key Concepts and Theory
CBSE Class 6,Class 6 Maths,Algebra,Quiz
CBSE Class 6,Class 6 Maths,Algebra,Midterm Exam
CBSE Class 6,Class 6 Maths,Algebra,Short Notes
CBSE Class 6,Class 6 Maths,Algebra,Exemplar Problems
CBSE Class 6,Class 6 Maths,Algebra,Exam Prep
CBSE Class 6,Class 6 Maths,Ratio and Proportion,Key Concepts and Theory
CBSE Class 6,Class 6 Maths,Ratio and Proportion,Quiz
CBSE Class 6,Class 6 Maths,Ratio and Proportion,Midterm Exam
CBSE Class 6,Class 6 Maths,Ratio and Proportion,Short Notes
CBSE Class 6,Class 6 Maths,Ratio and Proportion,Exemplar Problems
CBSE Class 6,Class 6 Maths,Ratio and Proportion,Exam Prep
CBSE Class 6,Class 6 Maths,Symmetry,Key Concepts and Theory
CBSE Class 6,Class 6 Maths,Symmetry,Quiz
CBSE Class 6,Class 6 Maths,Symmetry,Midterm Exam
CBSE Class 6,Class 6 Maths,Symmetry,Short Notes
CBSE Class 6,Class 6 Maths,Symmetry,Exemplar Problems
CBSE Class 6,Class 6 Maths,Symmetry,Exam Prep
CBSE Class 6,Class 6 Maths,Practical Geometry,Key Concepts and Theory
CBSE Class 6,Class 6 Maths,Practical Geometry,Quiz
CBSE Class 6,Class 6 Maths,Practical Geometry,Midterm Exam
CBSE Class 6,Class 6 Maths,Practical Geometry,Short Notes
CBSE Class 6,Class 6 Maths,Practical Geometry,Exemplar Problems
CBSE Class 6,Class 6 Maths,Practical Geometry,Exam Prep
CBSE Class 6,Class 6 Social Science,"What, Where, How and When?",Key Concepts and Theory
CBSE Class 6,Class 6 Social Science,"What, Where, How and When?",Quiz
CBSE Class 6,Class 6 Social Science,"What, Where, How and When?",Midterm Exam
CBSE Class 6,Class 6 Social Science,"What, Where, How and When?",Short Notes
CBSE Class 6,Class 6 Social Science,"What, Where, How and When?",Exemplar Problems
CBSE Class 6,Class 6 Social Science,"What, Where, How and When?",Exam Prep
CBSE Class 6,Class 6 Social Science,On the Trail of the Earliest People,Key Concepts and Theory
CBSE Class 6,Class 6 Social Science,On the Trail of the Earliest People,Quiz
CBSE Class 6,Class 6 Social Science,On the Trail of the Earliest People,Midterm Exam
CBSE Class 6,Class 6 Social Science,On the Trail of the Earliest People,Short Notes
CBSE Class 6,Class 6 Social Science,On the Trail of the Earliest People,Exemplar Problems
CBSE Class 6,Class 6 Social Science,On the Trail of the Earliest People,Exam Prep
CBSE Class 6,Class 6 Social Science,From Gathering to Growing Food,Key Concepts and Theory
CBSE Class 6,Class 6 Social Science,From Gathering to Growing Food,Quiz
CBSE Class 6,Class 6 Social Science,From Gathering to Growing Food,Midterm Exam
CBSE Class 6,Class 6 Social Science,From Gathering to Growing Food,Short Notes
CBSE Class 6,Class 6 Social Science,From Gathering to Growing Food,Exemplar Problems
CBSE Class 6,Class 6 Social Science,From Gathering to Growing Food,Exam Prep
CBSE Class 6,Class 6 Social Science,In the Earliest Cities,Key Concepts and Theory
CBSE Class 6,Class 6 Social Science,In the Earliest Cities,Quiz
CBSE Class 6,Class 6 Social Science,In the Earliest Cities,Midterm Exam
CBSE Class 6,Class 6 Social Science,In the Earliest Cities,Short Notes
CBSE Class 6,Class 6 Social Science,In the Earliest Cities,Exemplar Problems
CBSE Class 6,Class 6 Social Science,In the Earliest Cities,Exam Prep
CBSE Class 6,Class 6 Social Science,What Books and Burials Tell Us,Key Concepts and Theory
CBSE Class 6,Class 6 Social Science,What Books and Burials Tell Us,Quiz
CBSE Class 6,Class 6 Social Science,What Books and Burials Tell Us,Midterm Exam
CBSE Class 6,Class 6 Social Science,What Books and Burials Tell Us,Short Notes
CBSE Class 6,Class 6 Social Science,What Books and Burials Tell Us,Exemplar Problems
CBSE Class 6,Class 6 Social Science,What Books and Burials Tell Us,Exam Prep
CBSE Class 6,Class 6 Social Science,The Earth in the Solar System,Key Concepts and Theory
CBSE Class 6,Class 6 Social Science,The Earth in the Solar System,Quiz
CBSE Class 6,Class 6 Social Science,The Earth in the Solar System,Midterm Exam
CBSE Class 6,Class 6 Social Science,The Earth in the Solar System,Short Notes
CBSE Class 6,Class 6 Social Science,The Earth in the Solar System,Exemplar Problems
CBSE Class 6,Class 6 Social Science,The Earth in the Solar System,Exam Prep
CBSE Class 6,Class 6 Social Science,Globe: Latitudes and Longitudes,Key Concepts and Theory
CBSE Class 6,Class 6 Social Science,Globe: Latitudes and Longitudes,Quiz
CBSE Class 6,Class 6 Social Science,Globe: Latitudes and Longitudes,Midterm Exam
CBSE Class 6,Class 6 Social Science,Globe: Latitudes and Longitudes,Short Notes
CBSE Class 6,Class 6 Social Science,Globe: Latitudes and Longitudes,Exemplar Problems
CBSE Class 6,Class 6 Social Science,Globe: Latitudes and Longitudes,Exam Prep
CBSE Class 6,Class 6 Social Science,Motions of the Earth,Key Concepts and Theory
CBSE Class 6,Class 6 Social Science,Motions of the Earth,Quiz
CBSE Class 6,Class 6 Social Science,Motions of the Earth,Midterm Exam
CBSE Class 6,Class 6 Social Science,Motions of the Earth,Short Notes
CBSE Class 6,Class 6 Social Science,Motions of the Earth,Exemplar Problems
CBSE Class 6,Class 6 Social Science,Motions of the Earth,Exam Prep
CBSE Class 6,Class 6 Social Science,Maps,Key Concepts and Theory
CBSE Class 6,Class 6 Social Science,Maps,Quiz
CBSE Class 6,Class 6 Social Science,Maps,Midterm Exam
CBSE Class 6,Class 6 Social Science,Maps,Short Notes
CBSE Class 6,Class 6 Social Science,Maps,Exemplar Problems
CBSE Class 6,Class 6 Social Science,Maps,Exam Prep
CBSE Class 6,Class 6 Social Science,Major Domains of the Earth,Key Concepts and Theory
CBSE Class 6,Class 6 Social Science,Major Domains of the Earth,Quiz
CBSE Class 6,Class 6 Social Science,Major Domains of the Earth,Midterm Exam
CBSE Class 6,Class 6 Social Science,Major Domains of the Earth,Short Notes
CBSE Class 6,Class 6 Social Science,Major Domains of the Earth,Exemplar Problems
CBSE Class 6,Class 6 Social Science,Major Domains of the Earth,Exam Prep
CBSE Class 6,Class 6 Social Science,Major Landforms of the Earth,Key Concepts and Theory
CBSE Class 6,Class 6 Social Science,Major Landforms of the Earth,Quiz
CBSE Class 6,Class 6 Social Science,Major Landforms of the Earth,Midterm Exam
CBSE Class 6,Class 6 Social Science,Major Landforms of the Earth,Short Notes
CBSE Class 6,Class 6 Social Science,Major Landforms of the Earth,Exemplar Problems
CBSE Class 6,Class 6 Social Science,Major Landforms of the Earth,Exam Prep
CBSE Class 6,Class 6 Social Science,Our Country - India,Key Concepts and Theory
CBSE Class 6,Class 6 Social Science,Our Country - India,Quiz
CBSE Class 6,Class 6 Social Science,Our Country - India,Midterm Exam
CBSE Class 6,Class 6 Social Science,Our Country - India,Short Notes
CBSE Class 6,Class 6 Social Science,Our Country - India,Exemplar Problems
CBSE Class 6,Class 6 Social Science,Our Country - India,Exam Prep
CBSE Class 6,Class 6 Social Science,"India: Climate, Vegetation and Wildlife",Key Concepts and Theory
CBSE Class 6,Class 6 Social Science,"India: Climate, Vegetation and Wildlife",Quiz
CBSE Class 6,Class 6 Social Science,"India: Climate, Vegetation and Wildlife",Midterm Exam
CBSE Class 6,Class 6 Social Science,"India: Climate, Vegetation and Wildlife",Short Notes
CBSE Class 6,Class 6 Social Science,"India: Climate, Vegetation and Wildlife",Exemplar Problems
CBSE Class 6,Class 6 Social Science,"India: Climate, Vegetation and Wildlife",Exam Prep
CBSE Class 6,Class 6 English,Who Did Patrick’s Homework?,Key Concepts and Theory
CBSE Class 6,Class 6 English,Who Did Patrick’s Homework?,Quiz
CBSE Class 6,Class 6 English,Who Did Patrick’s Homework?,Midterm Exam
CBSE Class 6,Class 6 English,Who Did Patrick’s Homework?,Short Notes
CBSE Class 6,Class 6 English,Who Did Patrick’s Homework?,Exemplar Problems
CBSE Class 6,Class 6 English,Who Did Patrick’s Homework?,Exam Prep
CBSE Class 6,Class 6 English,How the Dog Found Himself a New Master!,Key Concepts and Theory
CBSE Class 6,Class 6 English,How the Dog Found Himself a New Master!,Quiz
CBSE Class 6,Class 6 English,How the Dog Found Himself a New Master!,Midterm Exam
CBSE Class 6,Class 6 English,How the Dog Found Himself a New Master!,Short Notes
CBSE Class 6,Class 6 English,How the Dog Found Himself a New Master!,Exemplar Problems
CBSE Class 6,Class 6 English,How the Dog Found Himself a New Master!,Exam Prep
CBSE Class 6,Class 6 English,Taro’s Reward,Key Concepts and Theory
CBSE Class 6,Class 6 English,Taro’s Reward,Quiz
CBSE Class 6,Class 6 English,Taro’s Reward,Midterm Exam
CBSE Class 6,Class 6 English,Taro’s Reward,Short Notes
CBSE Class 6,Class 6 English,Taro’s Reward,Exemplar Problems
CBSE Class 6,Class 6 English,Taro’s Reward,Exam Prep
CBSE Class 6,Class 6 English,An Indian-American Woman in Space,Key Concepts and Theory
CBSE Class 6,Class 6 English,An Indian-American Woman in Space,Quiz
CBSE Class 6,Class 6 English,An Indian-American Woman in Space,Midterm Exam
CBSE Class 6,Class 6 English,An Indian-American Woman in Space,Short Notes
CBSE Class 6,Class 6 English,An Indian-American Woman in Space,Exemplar Problems
CBSE Class 6,Class 6 English,An Indian-American Woman in Space,Exam Prep
CBSE Class 6,Class 6 English,A Different Kind of School,Key Concepts and Theory
CBSE Class 6,Class 6 English,A Different Kind of School,Quiz
CBSE Class 6,Class 6 English,A Different Kind of School,Midterm Exam
CBSE Class 6,Class 6 English,A Different Kind of School,Short Notes
CBSE Class 6,Class 6 English,A Different Kind of School,Exemplar Problems
CBSE Class 6,Class 6 English,A Different Kind of School,Exam Prep
CBSE Class 6,Class 6 Hindi,वह चिड़िया जो,Key Concepts and Theory
CBSE Class 6,Class 6 Hindi,वह चिड़िया जो,Quiz
CBSE Class 6,Class 6 Hindi,वह चिड़िया जो,Midterm Exam
CBSE Class 6,Class 6 Hindi,वह चिड़िया जो,Short Notes
CBSE Class 6,Class 6 Hindi,वह चिड़िया जो,Exemplar Problems
CBSE Class 6,Class 6 Hindi,वह चिड़िया जो,Exam Prep
CBSE Class 6,Class 6 Hindi,बचपन,Key Concepts and Theory
CBSE Class 6,Class 6 Hindi,बचपन,Quiz
CBSE Class 6,Class 6 Hindi,बचपन,Midterm Exam
CBSE Class 6,Class 6 Hindi,बचपन,Short Notes
CBSE Class 6,Class 6 Hindi,बचपन,Exemplar Problems
CBSE Class 6,Class 6 Hindi,बचपन,Exam Prep
CBSE Class 6,Class 6 Hindi,नादान दोस्त,Key Concepts and Theory
CBSE Class 6,Class 6 Hindi,नादान दोस्त,Quiz
CBSE Class 6,Class 6 Hindi,नादान दोस्त,Midterm Exam
CBSE Class 6,Class 6 Hindi,नादान दोस्त,Short Notes
CBSE Class 6,Class 6 Hindi,नादान दोस्त,Exemplar Problems
CBSE Class 6,Class 6 Hindi,नादान दोस्त,Exam Prep
CBSE Class 6,Class 6 Hindi,चाँद से थोड़ी सी गप्पे,Key Concepts and Theory
CBSE Class 6,Class 6 Hindi,चाँद से थोड़ी सी गप्पे,Quiz
CBSE Class 6,Class 6 Hindi,चाँद से थोड़ी सी गप्पे,Midterm Exam
CBSE Class 6,Class 6 Hindi,चाँद से थोड़ी सी गप्पे,Short Notes
CBSE Class 6,Class 6 Hindi,चाँद से थोड़ी सी गप्पे,Exemplar Problems
CBSE Class 6,Class 6 Hindi,चाँद से थोड़ी सी गप्पे,Exam Prep
CBSE Class 6,Class 6 Hindi,आसपास,Key Concepts and Theory
CBSE Class 6,Class 6 Hindi,आसपास,Quiz
CBSE Class 6,Class 6 Hindi,आसपास,Midterm Exam
CBSE Class 6,Class 6 Hindi,आसपास,Short Notes
CBSE Class 6,Class 6 Hindi,आसपास,Exemplar Problems
CBSE Class 6,Class 6 Hindi,आसपास,Exam Prep
CBSE Class 7,Class 7 Science,Nutrition in Plants,Key Concepts and Theory
CBSE Class 7,Class 7 Science,Nutrition in Plants,Quiz
CBSE Class 7,Class 7 Science,Nutrition in Plants,Midterm Exam
CBSE Class 7,Class 7 Science,Nutrition in Plants,Short Notes
CBSE Class 7,Class 7 Science,Nutrition in Plants,Exemplar Problems
CBSE Class 7,Class 7 Science,Nutrition in Plants,Exam Prep
CBSE Class 7,Class 7 Science,Nutrition in Animals,Key Concepts and Theory
CBSE Class 7,Class 7 Science,Nutrition in Animals,Quiz
CBSE Class 7,Class 7 Science,Nutrition in Animals,Midterm Exam
CBSE Class 7,Class 7 Science,Nutrition in Animals,Short Notes
CBSE Class 7,Class 7 Science,Nutrition in Animals,Exemplar Problems
CBSE Class 7,Class 7 Science,Nutrition in Animals,Exam Prep
CBSE Class 7,Class 7 Science,Fibre to Fabric,Key Concepts and Theory
CBSE Class 7,Class 7 Science,Fibre to Fabric,Quiz
CBSE Class 7,Class 7 Science,Fibre to Fabric,Midterm Exam
CBSE Class 7,Class 7 Science,Fibre to Fabric,Short Notes
CBSE Class 7,Class 7 Science,Fibre to Fabric,Exemplar Problems
CBSE Class 7,Class 7 Science,Fibre to Fabric,Exam Prep
CBSE Class 7,Class 7 Science,Heat,Key Concepts and Theory
CBSE Class 7,Class 7 Science,Heat,Quiz
CBSE Class 7,Class 7 Science,Heat,Midterm Exam
CBSE Class 7,Class 7 Science,Heat,Short Notes
CBSE Class 7,Class 7 Science,Heat,Exemplar Problems
CBSE Class 7,Class 7 Science,Heat,Exam Prep
CBSE Class 7,Class 7 Science,"Acids, Bases and Salts",Key Concepts and Theory
CBSE Class 7,Class 7 Science,"Acids, Bases and Salts",Quiz
CBSE Class 7,Class 7 Science,"Acids, Bases and Salts",Midterm Exam
CBSE Class 7,Class 7 Science,"Acids, Bases and Salts",Short Notes
CBSE Class 7,Class 7 Science,"Acids, Bases and Salts",Exemplar Problems
CBSE Class 7,Class 7 Science,"Acids, Bases and Salts",Exam Prep
CBSE Class 7,Class 7 Science,Physical and Chemical Changes,Key Concepts and Theory
CBSE Class 7,Class 7 Science,Physical and Chemical Changes,Quiz
CBSE Class 7,Class 7 Science,Physical and Chemical Changes,Midterm Exam
CBSE Class 7,Class 7 Science,Physical and Chemical Changes,Short Notes
CBSE Class 7,Class 7 Science,Physical and Chemical Changes,Exemplar Problems
CBSE Class 7,Class 7 Science,Physical and Chemical Changes,Exam Prep
CBSE Class 7,Class 7 Science,"Weather, Climate and Adaptations of Animals",Key Concepts and Theory
CBSE Class 7,Class 7 Science,"Weather, Climate and Adaptations of Animals",Quiz
CBSE Class 7,Class 7 Science,"Weather, Climate and Adaptations of Animals",Midterm Exam
CBSE Class 7,Class 7 Science,"Weather, Climate and Adaptations of Animals",Short Notes
CBSE Class 7,Class 7 Science,"Weather, Climate and Adaptations of Animals",Exemplar Problems
CBSE Class 7,Class 7 Science,"Weather, Climate and Adaptations of Animals",Exam Prep
CBSE Class 7,Class 7 Science,"Winds, Storms and Cyclones",Key Concepts and Theory
CBSE Class 7,Class 7 Science,"Winds, Storms and Cyclones",Quiz
CBSE Class 7,Class 7 Science,"Winds, Storms and Cyclones",Midterm Exam
CBSE Class 7,Class 7 Science,"Winds, Storms and Cyclones",Short Notes
CBSE Class 7,Class 7 Science,"Winds, Storms and Cyclones",Exemplar Problems
CBSE Class 7,Class 7 Science,"Winds, Storms and Cyclones",Exam Prep
CBSE Class 7,Class 7 Science,Soil,Key Concepts and Theory
CBSE Class 7,Class 7 Science,Soil,Quiz
CBSE Class 7,Class 7 Science,Soil,Midterm Exam
CBSE Class 7,Class 7 Science,Soil,Short Notes
CBSE Class 7,Class 7 Science,Soil,Exemplar Problems
CBSE Class 7,Class 7 Science,Soil,Exam Prep
CBSE Class 7,Class 7 Science,Respiration in Organisms,Key Concepts and Theory
CBSE Class 7,Class 7 Science,Respiration in Organisms,Quiz
CBSE Class 7,Class 7 Science,Respiration in Organisms,Midterm Exam
CBSE Class 7,Class 7 Science,Respiration in Organisms,Short Notes
CBSE Class 7,Class 7 Science,Respiration in Organisms,Exemplar Problems
CBSE Class 7,Class 7 Science,Respiration in Organisms,Exam Prep
CBSE Class 7,Class 7 Science,Transportation in Animals and Plants,Key Concepts and Theory
CBSE Class 7,Class 7 Science,Transportation in Animals and Plants,Quiz
CBSE Class 7,Class 7 Science,Transportation in Animals and Plants,Midterm Exam
CBSE Class 7,Class 7 Science,Transportation in Animals and Plants,Short Notes
CBSE Class 7,Class 7 Science,Transportation in Animals and Plants,Exemplar Problems
CBSE Class 7,Class 7 Science,Transportation in Animals and Plants,Exam Prep
CBSE Class 7,Class 7 Science,Reproduction in Plants,Key Concepts and Theory
CBSE Class 7,Class 7 Science,Reproduction in Plants,Quiz
CBSE Class 7,Class 7 Science,Reproduction in Plants,Midterm Exam
CBSE Class 7,Class 7 Science,Reproduction in Plants,Short Notes
CBSE Class 7,Class 7 Science,Reproduction in Plants,Exemplar Problems
CBSE Class 7,Class 7 Science,Reproduction in Plants,Exam Prep
CBSE Class 7,Class 7 Science,Motion and Time,Key Concepts and Theory
CBSE Class 7,Class 7 Science,Motion and Time,Quiz
CBSE Class 7,Class 7 Science,Motion and Time,Midterm Exam
CBSE Class 7,Class 7 Science,Motion and Time,Short Notes
CBSE Class 7,Class 7 Science,Motion and Time,Exemplar Problems
CBSE Class 7,Class 7 Science,Motion and Time,Exam Prep
CBSE Class 7,Class 7 Science,Electric Current and its Effects,Key Concepts and Theory
CBSE Class 7,Class 7 Science,Electric Current and its Effects,Quiz
CBSE Class 7,Class 7 Science,Electric Current and its Effects,Midterm Exam
CBSE Class 7,Class 7 Science,Electric Current and its Effects,Short Notes
CBSE Class 7,Class 7 Science,Electric Current and its Effects,Exemplar Problems
CBSE Class 7,Class 7 Science,Electric Current and its Effects,Exam Prep
CBSE Class 7,Class 7 Science,Light,Key Concepts and Theory
CBSE Class 7,Class 7 Science,Light,Quiz
CBSE Class 7,Class 7 Science,Light,Midterm Exam
CBSE Class 7,Class 7 Science,Light,Short Notes
CBSE Class 7,Class 7 Science,Light,Exemplar Problems
CBSE Class 7,Class 7 Science,Light,Exam Prep
CBSE Class 7,Class 7 Science,Water: A Precious Resource,Key Concepts and Theory
CBSE Class 7,Class 7 Science,Water: A Precious Resource,Quiz
CBSE Class 7,Class 7 Science,Water: A Precious Resource,Midterm Exam
CBSE Class 7,Class 7 Science,Water: A Precious Resource,Short Notes
CBSE Class 7,Class 7 Science,Water: A Precious Resource,Exemplar Problems
CBSE Class 7,Class 7 Science,Water: A Precious Resource,Exam Prep
CBSE Class 7,Class 7 Science,Forests: Our Lifeline,Key Concepts and Theory
CBSE Class 7,Class 7 Science,Forests: Our Lifeline,Quiz
CBSE Class 7,Class 7 Science,Forests: Our Lifeline,Midterm Exam
CBSE Class 7,Class 7 Science,Forests: Our Lifeline,Short Notes
CBSE Class 7,Class 7 Science,Forests: Our Lifeline,Exemplar Problems
CBSE Class 7,Class 7 Science,Forests: Our Lifeline,Exam Prep
CBSE Class 7,Class 7 Science,Wastewater Story,Key Concepts and Theory
CBSE Class 7,Class 7 Science,Wastewater Story,Quiz
CBSE Class 7,Class 7 Science,Wastewater Story,Midterm Exam
CBSE Class 7,Class 7 Science,Wastewater Story,Short Notes
CBSE Class 7,Class 7 Science,Wastewater Story,Exemplar Problems
CBSE Class 7,Class 7 Science,Wastewater Story,Exam Prep
CBSE Class 7,Class 7 Maths,Integers,Key Concepts and Theory
CBSE Class 7,Class 7 Maths,Integers,Quiz
CBSE Class 7,Class 7 Maths,Integers,Midterm Exam
CBSE Class 7,Class 7 Maths,Integers,Short Notes
CBSE Class 7,Class 7 Maths,Integers,Exemplar Problems
CBSE Class 7,Class 7 Maths,Integers,Exam Prep
CBSE Class 7,Class 7 Maths,Fractions and Decimals,Key Concepts and Theory
CBSE Class 7,Class 7 Maths,Fractions and Decimals,Quiz
CBSE Class 7,Class 7 Maths,Fractions and Decimals,Midterm Exam
CBSE Class 7,Class 7 Maths,Fractions and Decimals,Short Notes
CBSE Class 7,Class 7 Maths,Fractions and Decimals,Exemplar Problems
CBSE Class 7,Class 7 Maths,Fractions and Decimals,Exam Prep
CBSE Class 7,Class 7 Maths,Data Handling,Key Concepts and Theory
CBSE Class 7,Class 7 Maths,Data Handling,Quiz
CBSE Class 7,Class 7 Maths,Data Handling,Midterm Exam
CBSE Class 7,Class 7 Maths,Data Handling,Short Notes
CBSE Class 7,Class 7 Maths,Data Handling,Exemplar Problems
CBSE Class 7,Class 7 Maths,Data Handling,Exam Prep
CBSE Class 7,Class 7 Maths,Simple Equations,Key Concepts and Theory
CBSE Class 7,Class 7 Maths,Simple Equations,Quiz
CBSE Class 7,Class 7 Maths,Simple Equations,Midterm Exam
CBSE Class 7,Class 7 Maths,Simple Equations,Short Notes
CBSE Class 7,Class 7 Maths,Simple Equations,Exemplar Problems
CBSE Class 7,Class 7 Maths,Simple Equations,Exam Prep
CBSE Class 7,Class 7 Maths,Lines and Angles,Key Concepts and Theory
CBSE Class 7,Class 7 Maths,Lines and Angles,Quiz
CBSE Class 7,Class 7 Maths,Lines and Angles,Midterm Exam
CBSE Class 7,Class 7 Maths,Lines and Angles,Short Notes
CBSE Class 7,Class 7 Maths,Lines and Angles,Exemplar Problems
CBSE Class 7,Class 7 Maths,Lines and Angles,Exam Prep
CBSE Class 7,Class 7 Maths,Triangles and Their Properties,Key Concepts and Theory
CBSE Class 7,Class 7 Maths,Triangles and Their Properties,Quiz
CBSE Class 7,Class 7 Maths,Triangles and Their Properties,Midterm Exam
CBSE Class 7,Class 7 Maths,Triangles and Their Properties,Short Notes
CBSE Class 7,Class 7 Maths,Triangles and Their Properties,Exemplar Problems
CBSE Class 7,Class 7 Maths,Triangles and Their Properties,Exam Prep
CBSE Class 7,Class 7 Maths,Congruence of Triangles,Key Concepts and Theory
CBSE Class 7,Class 7 Maths,Congruence of Triangles,Quiz
CBSE Class 7,Class 7 Maths,Congruence of Triangles,Midterm Exam
CBSE Class 7,Class 7 Maths,Congruence of Triangles,Short Notes
CBSE Class 7,Class 7 Maths,Congruence of Triangles,Exemplar Problems
CBSE Class 7,Class 7 Maths,Congruence of Triangles,Exam Prep
CBSE Class 7,Class 7 Maths,Comparing Quantities,Key Concepts and Theory
CBSE Class 7,Class 7 Maths,Comparing Quantities,Quiz
CBSE Class 7,Class 7 Maths,Comparing Quantities,Midterm Exam
CBSE Class 7,Class 7 Maths,Comparing Quantities,Short Notes
CBSE Class 7,Class 7 Maths,Comparing Quantities,Exemplar Problems
CBSE Class 7,Class 7 Maths,Comparing Quantities,Exam Prep
CBSE Class 7,Class 7 Maths,Rational Numbers,Key Concepts and Theory
CBSE Class 7,Class 7 Maths,Rational Numbers,Quiz
CBSE Class 7,Class 7 Maths,Rational Numbers,Midterm Exam
CBSE Class 7,Class 7 Maths,Rational Numbers,Short Notes
CBSE Class 7,Class 7 Maths,Rational Numbers,Exemplar Problems
CBSE Class 7,Class 7 Maths,Rational Numbers,Exam Prep
CBSE Class 7,Class 7 Maths,Practical Geometry,Key Concepts and Theory
CBSE Class 7,Class 7 Maths,Practical Geometry,Quiz
CBSE Class 7,Class 7 Maths,Practical Geometry,Midterm Exam
CBSE Class 7,Class 7 Maths,Practical Geometry,Short Notes
CBSE Class 7,Class 7 Maths,Practical Geometry,Exemplar Problems
CBSE Class 7,Class 7 Maths,Practical Geometry,Exam Prep
CBSE Class 7,Class 7 Maths,Perimeter and Area,Key Concepts and Theory
CBSE Class 7,Class 7 Maths,Perimeter and Area,Quiz
CBSE Class 7,Class 7 Maths,Perimeter and Area,Midterm Exam
CBSE Class 7,Class 7 Maths,Perimeter and Area,Short Notes
CBSE Class 7,Class 7 Maths,Perimeter and Area,Exemplar Problems
CBSE Class 7,Class 7 Maths,Perimeter and Area,Exam Prep
CBSE Class 7,Class 7 Maths,Algebraic Expressions,Key Concepts and Theory
CBSE Class 7,Class 7 Maths,Algebraic Expressions,Quiz
CBSE Class 7,Class 7 Maths,Algebraic Expressions,Midterm Exam
CBSE Class 7,Class 7 Maths,Algebraic Expressions,Short Notes
CBSE Class 7,Class 7 Maths,Algebraic Expressions,Exemplar Problems
CBSE Class 7,Class 7 Maths,Algebraic Expressions,Exam Prep
CBSE Class 7,Class 7 Maths,Exponents and Powers,Key Concepts and Theory
CBSE Class 7,Class 7 Maths,Exponents and Powers,Quiz
CBSE Class 7,Class 7 Maths,Exponents and Powers,Midterm Exam
CBSE Class 7,Class 7 Maths,Exponents and Powers,Short Notes
CBSE Class 7,Class 7 Maths,Exponents and Powers,Exemplar Problems
CBSE Class 7,Class 7 Maths,Exponents and Powers,Exam Prep
CBSE Class 7,Class 7 Maths,Symmetry,Key Concepts and Theory
CBSE Class 7,Class 7 Maths,Symmetry,Quiz
CBSE Class 7,Class 7 Maths,Symmetry,Midterm Exam
CBSE Class 7,Class 7 Maths,Symmetry,Short Notes
CBSE Class 7,Class 7 Maths,Symmetry,Exemplar Problems
CBSE Class 7,Class 7 Maths,Symmetry,Exam Prep
CBSE Class 7,Class 7 Maths,Visualising Solid Shapes,Key Concepts and Theory
CBSE Class 7,Class 7 Maths,Visualising Solid Shapes,Quiz
CBSE Class 7,Class 7 Maths,Visualising Solid Shapes,Midterm Exam
CBSE Class 7,Class 7 Maths,Visualising Solid Shapes,Short Notes
CBSE Class 7,Class 7 Maths,Visualising Solid Shapes,Exemplar Problems
CBSE Class 7,Class 7 Maths,Visualising Solid Shapes,Exam Prep
CBSE Class 8,Class 8 Science,Crop Production and Management,Key Concepts and Theory
CBSE Class 8,Class 8 Science,Crop Production and Management,Quiz
CBSE Class 8,Class 8 Science,Crop Production and Management,Midterm Exam
CBSE Class 8,Class 8 Science,Crop Production and Management,Short Notes
CBSE Class 8,Class 8 Science,Crop Production and Management,Exemplar Problems
CBSE Class 8,Class 8 Science,Crop Production and Management,Exam Prep
CBSE Class 8,Class 8 Science,Microorganisms: Friend and Foe,Key Concepts and Theory
CBSE Class 8,Class 8 Science,Microorganisms: Friend and Foe,Quiz
CBSE Class 8,Class 8 Science,Microorganisms: Friend and Foe,Midterm Exam
CBSE Class 8,Class 8 Science,Microorganisms: Friend and Foe,Short Notes
CBSE Class 8,Class 8 Science,Microorganisms: Friend and Foe,Exemplar Problems
CBSE Class 8,Class 8 Science,Microorganisms: Friend and Foe,Exam Prep
CBSE Class 8,Class 8 Science,Synthetic Fibres and Plastics,Key Concepts and Theory
CBSE Class 8,Class 8 Science,Synthetic Fibres and Plastics,Quiz
CBSE Class 8,Class 8 Science,Synthetic Fibres and Plastics,Midterm Exam
CBSE Class 8,Class 8 Science,Synthetic Fibres and Plastics,Short Notes
CBSE Class 8,Class 8 Science,Synthetic Fibres and Plastics,Exemplar Problems
CBSE Class 8,Class 8 Science,Synthetic Fibres and Plastics,Exam Prep
CBSE Class 8,Class 8 Science,Materials: Metals and Non-Metals,Key Concepts and Theory
CBSE Class 8,Class 8 Science,Materials: Metals and Non-Metals,Quiz
CBSE Class 8,Class 8 Science,Materials: Metals and Non-Metals,Midterm Exam
CBSE Class 8,Class 8 Science,Materials: Metals and Non-Metals,Short Notes
CBSE Class 8,Class 8 Science,Materials: Metals and Non-Metals,Exemplar Problems
CBSE Class 8,Class 8 Science,Materials: Metals and Non-Metals,Exam Prep
CBSE Class 8,Class 8 Science,Coal and Petroleum,Key Concepts and Theory
CBSE Class 8,Class 8 Science,Coal and Petroleum,Quiz
CBSE Class 8,Class 8 Science,Coal and Petroleum,Midterm Exam
CBSE Class 8,Class 8 Science,Coal and Petroleum,Short Notes
CBSE Class 8,Class 8 Science,Coal and Petroleum,Exemplar Problems
CBSE Class 8,Class 8 Science,Coal and Petroleum,Exam Prep
CBSE Class 8,Class 8 Science,Combustion and Flame,Key Concepts and Theory
CBSE Class 8,Class 8 Science,Combustion and Flame,Quiz
CBSE Class 8,Class 8 Science,Combustion and Flame,Midterm Exam
CBSE Class 8,Class 8 Science,Combustion and Flame,Short Notes
CBSE Class 8,Class 8 Science,Combustion and Flame,Exemplar Problems
CBSE Class 8,Class 8 Science,Combustion and Flame,Exam Prep
SSC,Quantitative Aptitude,Number System,Key Concepts and Theory
SSC,Quantitative Aptitude,Number System,Quiz
SSC,Quantitative Aptitude,Number System,Midterm Exam
SSC,Quantitative Aptitude,Number System,Short Notes
SSC,Quantitative Aptitude,Number System,Exemplar Problems
SSC,Quantitative Aptitude,Number System,Exam Prep
SSC,Quantitative Aptitude,Algebra,Key Concepts and Theory
SSC,Quantitative Aptitude,Algebra,Quiz
SSC,Quantitative Aptitude,Algebra,Midterm Exam
SSC,Quantitative Aptitude,Algebra,Short Notes
SSC,Quantitative Aptitude,Algebra,Exemplar Problems
SSC,Quantitative Aptitude,Algebra,Exam Prep
SSC,Quantitative Aptitude,Percentage,Key Concepts and Theory
SSC,Quantitative Aptitude,Percentage,Quiz
SSC,Quantitative Aptitude,Percentage,Midterm Exam
SSC,Quantitative Aptitude,Percentage,Short Notes
SSC,Quantitative Aptitude,Percentage,Exemplar Problems
SSC,Quantitative Aptitude,Percentage,Exam Prep
SSC,Quantitative Aptitude,Profit and Loss,Key Concepts and Theory
SSC,Quantitative Aptitude,Profit and Loss,Quiz
SSC,Quantitative Aptitude,Profit and Loss,Midterm Exam
SSC,Quantitative Aptitude,Profit and Loss,Short Notes
SSC,Quantitative Aptitude,Profit and Loss,Exemplar Problems
SSC,Quantitative Aptitude,Profit and Loss,Exam Prep
SSC,Quantitative Aptitude,Ratio & Proportion,Key Concepts and Theory
SSC,Quantitative Aptitude,Ratio & Proportion,Quiz
SSC,Quantitative Aptitude,Ratio & Proportion,Midterm Exam
SSC,Quantitative Aptitude,Ratio & Proportion,Short Notes
SSC,Quantitative Aptitude,Ratio & Proportion,Exemplar Problems
SSC,Quantitative Aptitude,Ratio & Proportion,Exam Prep
SSC,Reasoning,Analogy,Key Concepts and Theory
SSC,Reasoning,Analogy,Quiz
SSC,Reasoning,Analogy,Midterm Exam
SSC,Reasoning,Analogy,Short Notes
SSC,Reasoning,Analogy,Exemplar Problems
SSC,Reasoning,Analogy,Exam Prep
SSC,Reasoning,Coding-Decoding,Key Concepts and Theory
SSC,Reasoning,Coding-Decoding,Quiz
SSC,Reasoning,Coding-Decoding,Midterm Exam
SSC,Reasoning,Coding-Decoding,Short Notes
SSC,Reasoning,Coding-Decoding,Exemplar Problems
SSC,Reasoning,Coding-Decoding,Exam Prep
SSC,Reasoning,Series,Key Concepts and Theory
SSC,Reasoning,Series,Quiz
SSC,Reasoning,Series,Midterm Exam
SSC,Reasoning,Series,Short Notes
SSC,Reasoning,Series,Exemplar Problems
SSC,Reasoning,Series,Exam Prep
SSC,Reasoning,Blood Relations,Key Concepts and Theory
SSC,Reasoning,Blood Relations,Quiz
SSC,Reasoning,Blood Relations,Midterm Exam
SSC,Reasoning,Blood Relations,Short Notes
SSC,Reasoning,Blood Relations,Exemplar Problems
SSC,Reasoning,Blood Relations,Exam Prep
SSC,Reasoning,Syllogism,Key Concepts and Theory
SSC,Reasoning,Syllogism,Quiz
SSC,Reasoning,Syllogism,Midterm Exam
SSC,Reasoning,Syllogism,Short Notes
SSC,Reasoning,Syllogism,Exemplar Problems
SSC,Reasoning,Syllogism,Exam Prep
SSC,General Awareness,History,Key Concepts and Theory
SSC,General Awareness,History,Quiz
SSC,General Awareness,History,Midterm Exam
SSC,General Awareness,History,Short Notes
SSC,General Awareness,History,Exemplar Problems
SSC,General Awareness,History,Exam Prep
SSC,General Awareness,Geography,Key Concepts and Theory
SSC,General Awareness,Geography,Quiz
SSC,General Awareness,Geography,Midterm Exam
SSC,General Awareness,Geography,Short Notes
SSC,General Awareness,Geography,Exemplar Problems
SSC,General Awareness,Geography,Exam Prep
SSC,General Awareness,Polity,Key Concepts and Theory
SSC,General Awareness,Polity,Quiz
SSC,General Awareness,Polity,Midterm Exam
SSC,General Awareness,Polity,Short Notes
SSC,General Awareness,Polity,Exemplar Problems
SSC,General Awareness,Polity,Exam Prep
SSC,General Awareness,Economics,Key Concepts and Theory
SSC,General Awareness,Economics,Quiz
SSC,General Awareness,Economics,Midterm Exam
SSC,General Awareness,Economics,Short Notes
SSC,General Awareness,Economics,Exemplar Problems
SSC,General Awareness,Economics,Exam Prep
SSC,General Awareness,Current Affairs,Key Concepts and Theory
SSC,General Awareness,Current Affairs,Quiz
SSC,General Awareness,Current Affairs,Midterm Exam
SSC,General Awareness,Current Affairs,Short Notes
SSC,General Awareness,Current Affairs,Exemplar Problems
SSC,General Awareness,Current Affairs,Exam Prep
SSC,English,Reading Comprehension,Key Concepts and Theory
SSC,English,Reading Comprehension,Quiz
SSC,English,Reading Comprehension,Midterm Exam
SSC,English,Reading Comprehension,Short Notes
SSC,English,Reading Comprehension,Exemplar Problems
SSC,English,Reading Comprehension,Exam Prep
SSC,English,Grammar,Key Concepts and Theory
SSC,English,Grammar,Quiz
SSC,English,Grammar,Midterm Exam
SSC,English,Grammar,Short Notes
SSC,English,Grammar,Exemplar Problems
SSC,English,Grammar,Exam Prep
SSC,English,Cloze Test,Key Concepts and Theory
SSC,English,Cloze Test,Quiz
SSC,English,Cloze Test,Midterm Exam
SSC,English,Cloze Test,Short Notes
SSC,English,Cloze Test,Exemplar Problems
SSC,English,Cloze Test,Exam Prep
SSC,English,Error Spotting,Key Concepts and Theory
SSC,English,Error Spotting,Quiz
SSC,English,Error Spotting,Midterm Exam
SSC,English,Error Spotting,Short Notes
SSC,English,Error Spotting,Exemplar Problems
SSC,English,Error Spotting,Exam Prep
Banking,Quantitative Aptitude,Simplification,Key Concepts and Theory
Banking,Quantitative Aptitude,Simplification,Quiz
Banking,Quantitative Aptitude,Simplification,Midterm Exam
Banking,Quantitative Aptitude,Simplification,Short Notes
Banking,Quantitative Aptitude,Simplification,Exemplar Problems
Banking,Quantitative Aptitude,Simplification,Exam Prep
Banking,Quantitative Aptitude,Number Series,Key Concepts and Theory
Banking,Quantitative Aptitude,Number Series,Quiz
Banking,Quantitative Aptitude,Number Series,Midterm Exam
Banking,Quantitative Aptitude,Number Series,Short Notes
Banking,Quantitative Aptitude,Number Series,Exemplar Problems
Banking,Quantitative Aptitude,Number Series,Exam Prep
Banking,Quantitative Aptitude,Data Interpretation,Key Concepts and Theory
Banking,Quantitative Aptitude,Data Interpretation,Quiz
Banking,Quantitative Aptitude,Data Interpretation,Midterm Exam
Banking,Quantitative Aptitude,Data Interpretation,Short Notes
Banking,Quantitative Aptitude,Data Interpretation,Exemplar Problems
Banking,Quantitative Aptitude,Data Interpretation,Exam Prep
Banking,Quantitative Aptitude,Quadratic Equations,Key Concepts and Theory
Banking,Quantitative Aptitude,Quadratic Equations,Quiz
Banking,Quantitative Aptitude,Quadratic Equations,Midterm Exam
Banking,Quantitative Aptitude,Quadratic Equations,Short Notes
Banking,Quantitative Aptitude,Quadratic Equations,Exemplar Problems
Banking,Quantitative Aptitude,Quadratic Equations,Exam Prep
Banking,Reasoning,Puzzles,Key Concepts and Theory
Banking,Reasoning,Puzzles,Quiz
Banking,Reasoning,Puzzles,Midterm Exam
Banking,Reasoning,Puzzles,Short Notes
Banking,Reasoning,Puzzles,Exemplar Problems
Banking,Reasoning,Puzzles,Exam Prep
Banking,Reasoning,Sitting Arrangement,Key Concepts and Theory
Banking,Reasoning,Sitting Arrangement,Quiz
Banking,Reasoning,Sitting Arrangement,Midterm Exam
Banking,Reasoning,Sitting Arrangement,Short Notes
Banking,Reasoning,Sitting Arrangement,Exemplar Problems
Banking,Reasoning,Sitting Arrangement,Exam Prep
Banking,Reasoning,Inequality,Key Concepts and Theory
Banking,Reasoning,Inequality,Quiz
Banking,Reasoning,Inequality,Midterm Exam
Banking,Reasoning,Inequality,Short Notes
Banking,Reasoning,Inequality,Exemplar Problems
Banking,Reasoning,Inequality,Exam Prep
Banking,English,Cloze Test,Key Concepts and Theory
Banking,English,Cloze Test,Quiz
Banking,English,Cloze Test,Midterm Exam
Banking,English,Cloze Test,Short Notes
Banking,English,Cloze Test,Exemplar Problems
Banking,English,Cloze Test,Exam Prep
Banking,English,Reading Comprehension,Key Concepts and Theory
Banking,English,Reading Comprehension,Quiz
Banking,English,Reading Comprehension,Midterm Exam
Banking,English,Reading Comprehension,Short Notes
Banking,English,Reading Comprehension,Exemplar Problems
Banking,English,Reading Comprehension,Exam Prep
Banking,English,Sentence Improvement,Key Concepts and Theory
Banking,English,Sentence Improvement,Quiz
Banking,English,Sentence Improvement,Midterm Exam
Banking,English,Sentence Improvement,Short Notes
Banking,English,Sentence Improvement,Exemplar Problems
Banking,English,Sentence Improvement,Exam Prep
Banking,General Awareness,Banking Awareness,Key Concepts and Theory
Banking,General Awareness,Banking Awareness,Quiz
Banking,General Awareness,Banking Awareness,Midterm Exam
Banking,General Awareness,Banking Awareness,Short Notes
Banking,General Awareness,Banking Awareness,Exemplar Problems
Banking,General Awareness,Banking Awareness,Exam Prep
Banking,General Awareness,Current Affairs,Key Concepts and Theory
Banking,General Awareness,Current Affairs,Quiz
Banking,General Awareness,Current Affairs,Midterm Exam
Banking,General Awareness,Current Affairs,Short Notes
Banking,General Awareness,Current Affairs,Exemplar Problems
Banking,General Awareness,Current Affairs,Exam Prep
Banking,Computer Knowledge,Basics of Computers,Key Concepts and Theory
Banking,Computer Knowledge,Basics of Computers,Quiz
Banking,Computer Knowledge,Basics of Computers,Midterm Exam
Banking,Computer Knowledge,Basics of Computers,Short Notes
Banking,Computer Knowledge,Basics of Computers,Exemplar Problems
Banking,Computer Knowledge,Basics of Computers,Exam Prep
Railways,Mathematics,Number System,Key Concepts and Theory
Railways,Mathematics,Number System,Quiz
Railways,Mathematics,Number System,Midterm Exam
Railways,Mathematics,Number System,Short Notes
Railways,Mathematics,Number System,Exemplar Problems
Railways,Mathematics,Number System,Exam Prep
Railways,Mathematics,Algebra,Key Concepts and Theory
Railways,Mathematics,Algebra,Quiz
Railways,Mathematics,Algebra,Midterm Exam
Railways,Mathematics,Algebra,Short Notes
Railways,Mathematics,Algebra,Exemplar Problems
Railways,Mathematics,Algebra,Exam Prep
Railways,Mathematics,Geometry,Key Concepts and Theory
Railways,Mathematics,Geometry,Quiz
Railways,Mathematics,Geometry,Midterm Exam
Railways,Mathematics,Geometry,Short Notes
Railways,Mathematics,Geometry,Exemplar Problems
Railways,Mathematics,Geometry,Exam Prep
Railways,General Intelligence & Reasoning,Analogies,Key Concepts and Theory
Railways,General Intelligence & Reasoning,Analogies,Quiz
Railways,General Intelligence & Reasoning,Analogies,Midterm Exam
Railways,General Intelligence & Reasoning,Analogies,Short Notes
Railways,General Intelligence & Reasoning,Analogies,Exemplar Problems
Railways,General Intelligence & Reasoning,Analogies,Exam Prep
Railways,General Intelligence & Reasoning,Coding-Decoding,Key Concepts and Theory
Railways,General Intelligence & Reasoning,Coding-Decoding,Quiz
Railways,General Intelligence & Reasoning,Coding-Decoding,Midterm Exam
Railways,General Intelligence & Reasoning,Coding-Decoding,Short Notes
Railways,General Intelligence & Reasoning,Coding-Decoding,Exemplar Problems
Railways,General Intelligence & Reasoning,Coding-Decoding,Exam Prep
Railways,General Awareness,Indian History,Key Concepts and Theory
Railways,General Awareness,Indian History,Quiz
Railways,General Awareness,Indian History,Midterm Exam
Railways,General Awareness,Indian History,Short Notes
Railways,General Awareness,Indian History,Exemplar Problems
Railways,General Awareness,Indian History,Exam Prep
Railways,General Awareness,Geography,Key Concepts and Theory
Railways,General Awareness,Geography,Quiz
Railways,General Awareness,Geography,Midterm Exam
Railways,General Awareness,Geography,Short Notes
Railways,General Awareness,Geography,Exemplar Problems
Railways,General Awareness,Geography,Exam Prep
Railways,General Science,Physics,Key Concepts and Theory
Railways,General Science,Physics,Quiz
Railways,General Science,Physics,Midterm Exam
Railways,General Science,Physics,Short Notes
Railways,General Science,Physics,Exemplar Problems
Railways,General Science,Physics,Exam Prep
Railways,General Science,Chemistry,Key Concepts and Theory
Railways,General Science,Chemistry,Quiz
Railways,General Science,Chemistry,Midterm Exam
Railways,General Science,Chemistry,Short Notes
Railways,General Science,Chemistry,Exemplar Problems
Railways,General Science,Chemistry,Exam Prep
Railways,General Science,Biology,Key Concepts and Theory
Railways,General Science,Biology,Quiz
Railways,General Science,Biology,Midterm Exam
Railways,General Science,Biology,Short Notes
Railways,General Science,Biology,Exemplar Problems
Railways,General Science,Biology,Exam Prep
Civil Services,General Studies I,Indian History,Key Concepts and Theory
Civil Services,General Studies I,Indian History,Quiz
Civil Services,General Studies I,Indian History,Midterm Exam
Civil Services,General Studies I,Indian History,Short Notes
Civil Services,General Studies I,Indian History,Exemplar Problems
Civil Services,General Studies I,Indian History,Exam Prep
Civil Services,General Studies I,Polity,Key Concepts and Theory
Civil Services,General Studies I,Polity,Quiz
Civil Services,General Studies I,Polity,Midterm Exam
Civil Services,General Studies I,Polity,Short Notes
Civil Services,General Studies I,Polity,Exemplar Problems
Civil Services,General Studies I,Polity,Exam Prep
Civil Services,General Studies I,Geography,Key Concepts and Theory
Civil Services,General Studies I,Geography,Quiz
Civil Services,General Studies I,Geography,Midterm Exam
Civil Services,General Studies I,Geography,Short Notes
Civil Services,General Studies I,Geography,Exemplar Problems
Civil Services,General Studies I,Geography,Exam Prep
Civil Services,General Studies I,Economy,Key Concepts and Theory
Civil Services,General Studies I,Economy,Quiz
Civil Services,General Studies I,Economy,Midterm Exam
Civil Services,General Studies I,Economy,Short Notes
Civil Services,General Studies I,Economy,Exemplar Problems
Civil Services,General Studies I,Economy,Exam Prep
Civil Services,General Studies I,Environment,Key Concepts and Theory
Civil Services,General Studies I,Environment,Quiz
Civil Services,General Studies I,Environment,Midterm Exam
Civil Services,General Studies I,Environment,Short Notes
Civil Services,General Studies I,Environment,Exemplar Problems
Civil Services,General Studies I,Environment,Exam Prep
Civil Services,General Studies I,Current Affairs,Key Concepts and Theory
Civil Services,General Studies I,Current Affairs,Quiz
Civil Services,General Studies I,Current Affairs,Midterm Exam
Civil Services,General Studies I,Current Affairs,Short Notes
Civil Services,General Studies I,Current Affairs,Exemplar Problems
Civil Services,General Studies I,Current Affairs,Exam Prep
Civil Services,CSAT,Quantitative Aptitude,Key Concepts and Theory
Civil Services,CSAT,Quantitative Aptitude,Quiz
Civil Services,CSAT,Quantitative Aptitude,Midterm Exam
Civil Services,CSAT,Quantitative Aptitude,Short Notes
Civil Services,CSAT,Quantitative Aptitude,Exemplar Problems
Civil Services,CSAT,Quantitative Aptitude,Exam Prep
Civil Services,CSAT,Reasoning Ability,Key Concepts and Theory
Civil Services,CSAT,Reasoning Ability,Quiz
Civil Services,CSAT,Reasoning Ability,Midterm Exam
Civil Services,CSAT,Reasoning Ability,Short Notes
Civil Services,CSAT,Reasoning Ability,Exemplar Problems
Civil Services,CSAT,Reasoning Ability,Exam Prep
Civil Services,CSAT,English Comprehension,Key Concepts and Theory
Civil Services,CSAT,English Comprehension,Quiz
Civil Services,CSAT,English Comprehension,Midterm Exam
Civil Services,CSAT,English Comprehension,Short Notes
Civil Services,CSAT,English Comprehension,Exemplar Problems
Civil Services,CSAT,English Comprehension,Exam Prep
Teaching,Child Development & Pedagogy,Learning Theories,Key Concepts and Theory
Teaching,Child Development & Pedagogy,Learning Theories,Quiz
Teaching,Child Development & Pedagogy,Learning Theories,Midterm Exam
Teaching,Child Development & Pedagogy,Learning Theories,Short Notes
Teaching,Child Development & Pedagogy,Learning Theories,Exemplar Problems
Teaching,Child Development & Pedagogy,Learning Theories,Exam Prep
Teaching,Child Development & Pedagogy,Assessment,Key Concepts and Theory
Teaching,Child Development & Pedagogy,Assessment,Quiz
Teaching,Child Development & Pedagogy,Assessment,Midterm Exam
Teaching,Child Development & Pedagogy,Assessment,Short Notes
Teaching,Child Development & Pedagogy,Assessment,Exemplar Problems
Teaching,Child Development & Pedagogy,Assessment,Exam Prep
Teaching,Mathematics,Arithmetic,Key Concepts and Theory
Teaching,Mathematics,Arithmetic,Quiz
Teaching,Mathematics,Arithmetic,Midterm Exam
Teaching,Mathematics,Arithmetic,Short Notes
Teaching,Mathematics,Arithmetic,Exemplar Problems
Teaching,Mathematics,Arithmetic,Exam Prep
Teaching,Mathematics,Geometry,Key Concepts and Theory
Teaching,Mathematics,Geometry,Quiz
Teaching,Mathematics,Geometry,Midterm Exam
Teaching,Mathematics,Geometry,Short Notes
Teaching,Mathematics,Geometry,Exemplar Problems
Teaching,Mathematics,Geometry,Exam Prep
Teaching,EVS,Plants,Key Concepts and Theory
Teaching,EVS,Plants,Quiz
Teaching,EVS,Plants,Midterm Exam
Teaching,EVS,Plants,Short Notes
Teaching,EVS,Plants,Exemplar Problems
Teaching,EVS,Plants,Exam Prep
Teaching,EVS,Environment,Key Concepts and Theory
Teaching,EVS,Environment,Quiz
Teaching,EVS,Environment,Midterm Exam
Teaching,EVS,Environment,Short Notes
Teaching,EVS,Environment,Exemplar Problems
Teaching,EVS,Environment,Exam Prep
Teaching,Language I,Reading Comprehension,Key Concepts and Theory
Teaching,Language I,Reading Comprehension,Quiz
Teaching,Language I,Reading Comprehension,Midterm Exam
Teaching,Language I,Reading Comprehension,Short Notes
Teaching,Language I,Reading Comprehension,Exemplar Problems
Teaching,Language I,Reading Comprehension,Exam Prep
Teaching,Language I,Grammar,Key Concepts and Theory
Teaching,Language I,Grammar,Quiz
Teaching,Language I,Grammar,Midterm Exam
Teaching,Language I,Grammar,Short Notes
Teaching,Language I,Grammar,Exemplar Problems
Teaching,Language I,Grammar,Exam Prep
Teaching,Language II,Reading Comprehension,Key Concepts and Theory
Teaching,Language II,Reading Comprehension,Quiz
Teaching,Language II,Reading Comprehension,Midterm Exam
Teaching,Language II,Reading Comprehension,Short Notes
Teaching,Language II,Reading Comprehension,Exemplar Problems
Teaching,Language II,Reading Comprehension,Exam Prep
Teaching,Language II,Grammar,Key Concepts and Theory
Teaching,Language II,Grammar,Quiz
Teaching,Language II,Grammar,Midterm Exam
Teaching,Language II,Grammar,Short Notes
Teaching,Language II,Grammar,Exemplar Problems
Teaching,Language II,Grammar,Exam Prep
